phrase,label
shell company network,1
corporate tax evasion,1
investigative journalism,1
financial irregularities,1
renewable energy fraud,1
public procurement scam,1
money laundering scheme,1
whistleblower testimony,1
government audit report,1
offshore bank accounts,1
illegal campaign donations,1
missing audit trail,1
confidential witness statement,1
fraudulent procurement contract,1
cross border money trail,1
insider trading allegations,1
conflict of interest,1
unauthorized data leak,1
classified intelligence memo,1
political funding violation,1
cybersecurity breach details,1
contractor payment discrepancy,1
forensic accounting review,1
audit committee findings,1
regulatory compliance failure,1
misreported financial statements,1
internal audit red flags,1
unexplained wire transfers,1
anonymous tip off email,1
irregular procurement pattern,1
dummy vendor registration,1
unverified shell entity,1
front company arrangement,1
tax haven routing structure,1
illicit funds diversion,1
parliamentary ethics inquiry,1
high value cash transaction,1
undisclosed lobbying payment,1
corporate governance breach,1
thank you for reading,0
table of contents,0
contact information,0
follow us on social media,0
about our company,0
homepage banner text,0
general introduction,0
basic paragraph,0
random placeholder text,0
terms and conditions,0
privacy policy,0
all rights reserved,0
click here to continue,0
navigation menu,0
footer links,0
website disclaimer,0
form submission successful,0
loading please wait,0
sample demo text,0
generic message,0
user profile page,0
help and support,0
settings and preferences,0
our mission statement,0
frequently asked questions,0
subscribe to our newsletter,0
download our mobile app,0
scroll down for more,0
back to home page,0
read more articles,0
language selection menu,0
cookie consent banner,0
promo discount offer,0
limited time sale message,0
sign up for updates,0
start your free trial,0
successfully updated profile,0
error loading content,0
generic system notification,0
shell company network,1
corporate tax evasion,1
investigative journalism,1
financial irregularities,1
renewable energy fraud,1
public procurement scam,1
money laundering scheme,1
whistleblower testimony,1
government audit report,1
offshore bank accounts,1
illegal campaign donations,1
missing audit trail,1
confidential witness statement,1
fraudulent procurement contract,1
cross border money trail,1
insider trading allegations,1
conflict of interest,1
unauthorized data leak,1
classified intelligence memo,1
political funding violation,1
cybersecurity breach details,1
contractor payment discrepancy,1
forensic accounting review,1
audit committee findings,1
regulatory compliance failure,1
misreported financial statements,1
internal audit red flags,1
unexplained wire transfers,1
anonymous tip off email,1
irregular procurement pattern,1
dummy vendor registration,1
unverified shell entity,1
front company arrangement,1
tax haven routing structure,1
illicit funds diversion,1
parliamentary ethics inquiry,1
high value cash transaction,1
undisclosed lobbying payment,1
corporate governance breach,1
thank you for reading,0
table of contents,0
contact information,0
follow us on social media,0
about our company,0
homepage banner text,0
general introduction,0
basic paragraph,0
random placeholder text,0
terms and conditions,0
privacy policy,0
all rights reserved,0
click here to continue,0
navigation menu,0
footer links,0
website disclaimer,0
form submission successful,0
loading please wait,0
sample demo text,0
generic message,0
user profile page,0
help and support,0
settings and preferences,0
our mission statement,0
frequently asked questions,0
subscribe to our newsletter,0
download our mobile app,0
scroll down for more,0
back to home page,0
read more articles,0
language selection menu,0
cookie consent banner,0
promo discount offer,0
limited time sale message,0
sign up for updates,0
start your free trial,0
successfully updated profile,0
error loading content,0
generic system notification,0
shell company network,1
corporate tax evasion,1
investigative journalism,1
financial irregularities,1
renewable energy fraud,1
public procurement scam,1
money laundering scheme,1
whistleblower testimony,1
government audit report,1
offshore bank accounts,1
illegal campaign donations,1
missing audit trail,1
confidential witness statement,1
fraudulent procurement contract,1
cross border money trail,1
insider trading allegations,1
conflict of interest,1
unauthorized data leak,1
classified intelligence memo,1
political funding violation,1
cybersecurity breach details,1
contractor payment discrepancy,1
forensic accounting review,1
audit committee findings,1
regulatory compliance failure,1
misreported financial statements,1
internal audit red flags,1
unexplained wire transfers,1
anonymous tip off email,1
irregular procurement pattern,1
dummy vendor registration,1
unverified shell entity,1
front company arrangement,1
tax haven routing structure,1
illicit funds diversion,1
parliamentary ethics inquiry,1
high value cash transaction,1
undisclosed lobbying payment,1
corporate governance breach,1
thank you for reading,0
table of contents,0
contact information,0
follow us on social media,0
about our company,0
homepage banner text,0
general introduction,0
basic paragraph,0
random placeholder text,0
terms and conditions,0
privacy policy,0
all rights reserved,0
click here to continue,0
navigation menu,0
footer links,0
website disclaimer,0
form submission successful,0
loading please wait,0
sample demo text,0
generic message,0
user profile page,0
help and support,0
settings and preferences,0
our mission statement,0
frequently asked questions,0
subscribe to our newsletter,0
download our mobile app,0
scroll down for more,0
back to home page,0
read more articles,0
language selection menu,0
cookie consent banner,0
promo discount offer,0
limited time sale message,0
sign up for updates,0
start your free trial,0
successfully updated profile,0
error loading content,0
generic system notification,0
shell company network,1
corporate tax evasion,1
investigative journalism,1
financial irregularities,1
renewable energy fraud,1
public procurement scam,1
money laundering scheme,1
whistleblower testimony,1
government audit report,1
offshore bank accounts,1
illegal campaign donations,1
missing audit trail,1
confidential witness statement,1
fraudulent procurement contract,1
cross border money trail,1
insider trading allegations,1
conflict of interest,1
unauthorized data leak,1
classified intelligence memo,1
political funding violation,1
cybersecurity breach details,1
contractor payment discrepancy,1
forensic accounting review,1
audit committee findings,1
regulatory compliance failure,1
misreported financial statements,1
internal audit red flags,1
unexplained wire transfers,1
anonymous tip off email,1
irregular procurement pattern,1
dummy vendor registration,1
unverified shell entity,1
front company arrangement,1
tax haven routing structure,1
illicit funds diversion,1
parliamentary ethics inquiry,1
high value cash transaction,1
undisclosed lobbying payment,1
corporate governance breach,1
thank you for reading,0
table of contents,0
contact information,0
follow us on social media,0
about our company,0
homepage banner text,0
general introduction,0
basic paragraph,0
random placeholder text,0
terms and conditions,0
privacy policy,0
all rights reserved,0
click here to continue,0
navigation menu,0
footer links,0
website disclaimer,0
form submission successful,0
loading please wait,0
sample demo text,0
generic message,0
user profile page,0
help and support,0
settings and preferences,0
our mission statement,0
frequently asked questions,0
subscribe to our newsletter,0
download our mobile app,0
scroll down for more,0
back to home page,0
read more articles,0
language selection menu,0
cookie consent banner,0
promo discount offer,0
limited time sale message,0
sign up for updates,0
start your free trial,0
successfully updated profile,0
error loading content,0
generic system notification,0
shell company network,1
corporate tax evasion,1
investigative journalism,1
financial irregularities,1
renewable energy fraud,1
public procurement scam,1
money laundering scheme,1
whistleblower testimony,1
government audit report,1
offshore bank accounts,1
illegal campaign donations,1
missing audit trail,1
confidential witness statement,1
fraudulent procurement contract,1
cross border money trail,1
insider trading allegations,1
conflict of interest,1
unauthorized data leak,1
classified intelligence memo,1
political funding violation,1
cybersecurity breach details,1
contractor payment discrepancy,1
forensic accounting review,1
audit committee findings,1
regulatory compliance failure,1
misreported financial statements,1
internal audit red flags,1
unexplained wire transfers,1
anonymous tip off email,1
irregular procurement pattern,1
dummy vendor registration,1
unverified shell entity,1
front company arrangement,1
tax haven routing structure,1
illicit funds diversion,1
parliamentary ethics inquiry,1
high value cash transaction,1
undisclosed lobbying payment,1
corporate governance breach,1
thank you for reading,0
table of contents,0
contact information,0
follow us on social media,0
about our company,0
homepage banner text,0
general introduction,0
basic paragraph,0
random placeholder text,0
terms and conditions,0
privacy policy,0
all rights reserved,0
click here to continue,0
navigation menu,0
footer links,0
website disclaimer,0
form submission successful,0
loading please wait,0
sample demo text,0
generic message,0
user profile page,0
help and support,0
settings and preferences,0
our mission statement,0
frequently asked questions,0
subscribe to our newsletter,0
download our mobile app,0
scroll down for more,0
back to home page,0
read more articles,0
language selection menu,0
cookie consent banner,0
promo discount offer,0
limited time sale message,0
sign up for updates,0
start your free trial,0
successfully updated profile,0
error loading content,0
generic system notification,0
shell company network,1
corporate tax evasion,1
investigative journalism,1
financial irregularities,1
renewable energy fraud,1
public procurement scam,1
money laundering scheme,1
whistleblower testimony,1
government audit report,1
offshore bank accounts,1
illegal campaign donations,1
missing audit trail,1
confidential witness statement,1
fraudulent procurement contract,1
cross border money trail,1
insider trading allegations,1
conflict of interest,1
unauthorized data leak,1
classified intelligence memo,1
political funding violation,1
cybersecurity breach details,1
contractor payment discrepancy,1
forensic accounting review,1
audit committee findings,1
regulatory compliance failure,1
misreported financial statements,1
internal audit red flags,1
unexplained wire transfers,1
anonymous tip off email,1
irregular procurement pattern,1
dummy vendor registration,1
unverified shell entity,1
front company arrangement,1
tax haven routing structure,1
illicit funds diversion,1
parliamentary ethics inquiry,1
high value cash transaction,1
undisclosed lobbying payment,1
corporate governance breach,1
thank you for reading,0
table of contents,0
contact information,0
follow us on social media,0
about our company,0
homepage banner text,0
general introduction,0
basic paragraph,0
random placeholder text,0
terms and conditions,0
privacy policy,0
all rights reserved,0
click here to continue,0
navigation menu,0
footer links,0
website disclaimer,0
form submission successful,0
loading please wait,0
sample demo text,0
generic message,0
user profile page,0
help and support,0
settings and preferences,0
our mission statement,0
frequently asked questions,0
subscribe to our newsletter,0
download our mobile app,0
scroll down for more,0
back to home page,0
read more articles,0
language selection menu,0
cookie consent banner,0
promo discount offer,0
limited time sale message,0
sign up for updates,0
start your free trial,0
successfully updated profile,0
error loading content,0
generic system notification,0
shell company network,1
corporate tax evasion,1
investigative journalism,1
financial irregularities,1
renewable energy fraud,1
public procurement scam,1
money laundering scheme,1
whistleblower testimony,1
government audit report,1
offshore bank accounts,1
illegal campaign donations,1
missing audit trail,1
confidential witness statement,1
fraudulent procurement contract,1
cross border money trail,1
insider trading allegations,1
conflict of interest,1
unauthorized data leak,1
classified intelligence memo,1
political funding violation,1
cybersecurity breach details,1
contractor payment discrepancy,1
forensic accounting review,1
audit committee findings,1
regulatory compliance failure,1
misreported financial statements,1
internal audit red flags,1
unexplained wire transfers,1
anonymous tip off email,1
irregular procurement pattern,1
dummy vendor registration,1
unverified shell entity,1
front company arrangement,1
tax haven routing structure,1
illicit funds diversion,1
parliamentary ethics inquiry,1
high value cash transaction,1
undisclosed lobbying payment,1
corporate governance breach,1
thank you for reading,0
table of contents,0
contact information,0
follow us on social media,0
about our company,0
homepage banner text,0
general introduction,0
basic paragraph,0
random placeholder text,0
terms and conditions,0
privacy policy,0
all rights reserved,0
click here to continue,0
navigation menu,0
footer links,0
website disclaimer,0
form submission successful,0
loading please wait,0
sample demo text,0
generic message,0
user profile page,0
help and support,0
settings and preferences,0
our mission statement,0
frequently asked questions,0
subscribe to our newsletter,0
download our mobile app,0
scroll down for more,0
back to home page,0
read more articles,0
language selection menu,0
cookie consent banner,0
promo discount offer,0
limited time sale message,0
sign up for updates,0
start your free trial,0
successfully updated profile,0
error loading content,0
generic system notification,0
shell company network,1
corporate tax evasion,1
investigative journalism,1
financial irregularities,1
renewable energy fraud,1
public procurement scam,1
money laundering scheme,1
whistleblower testimony,1
government audit report,1
offshore bank accounts,1
illegal campaign donations,1
missing audit trail,1
confidential witness statement,1
fraudulent procurement contract,1
cross border money trail,1
insider trading allegations,1
conflict of interest,1
unauthorized data leak,1
classified intelligence memo,1
political funding violation,1
cybersecurity breach details,1
contractor payment discrepancy,1
forensic accounting review,1
audit committee findings,1
regulatory compliance failure,1
misreported financial statements,1
internal audit red flags,1
unexplained wire transfers,1
anonymous tip off email,1
irregular procurement pattern,1
dummy vendor registration,1
unverified shell entity,1
front company arrangement,1
tax haven routing structure,1
illicit funds diversion,1
parliamentary ethics inquiry,1
high value cash transaction,1
undisclosed lobbying payment,1
corporate governance breach,1
thank you for reading,0
table of contents,0
contact information,0
follow us on social media,0
about our company,0
homepage banner text,0
general introduction,0
basic paragraph,0
random placeholder text,0
terms and conditions,0
privacy policy,0
all rights reserved,0
click here to continue,0
navigation menu,0
footer links,0
website disclaimer,0
form submission successful,0
loading please wait,0
sample demo text,0
generic message,0
user profile page,0
help and support,0
settings and preferences,0
our mission statement,0
frequently asked questions,0
subscribe to our newsletter,0
download our mobile app,0
scroll down for more,0
back to home page,0
read more articles,0
language selection menu,0
cookie consent banner,0
promo discount offer,0
limited time sale message,0
sign up for updates,0
start your free trial,0
successfully updated profile,0
error loading content,0
generic system notification,0
shell company network,1
corporate tax evasion,1
investigative journalism,1
financial irregularities,1
renewable energy fraud,1
public procurement scam,1
money laundering scheme,1
whistleblower testimony,1
government audit report,1
offshore bank accounts,1
illegal campaign donations,1
missing audit trail,1
confidential witness statement,1
fraudulent procurement contract,1
cross border money trail,1
insider trading allegations,1
conflict of interest,1
unauthorized data leak,1
classified intelligence memo,1
political funding violation,1
cybersecurity breach details,1
contractor payment discrepancy,1
forensic accounting review,1
audit committee findings,1
regulatory compliance failure,1
misreported financial statements,1
internal audit red flags,1
unexplained wire transfers,1
anonymous tip off email,1
irregular procurement pattern,1
dummy vendor registration,1
unverified shell entity,1
front company arrangement,1
tax haven routing structure,1
illicit funds diversion,1
parliamentary ethics inquiry,1
high value cash transaction,1
undisclosed lobbying payment,1
corporate governance breach,1
thank you for reading,0
table of contents,0
contact information,0
follow us on social media,0
about our company,0
homepage banner text,0
general introduction,0
basic paragraph,0
random placeholder text,0
terms and conditions,0
privacy policy,0
all rights reserved,0
click here to continue,0
navigation menu,0
footer links,0
website disclaimer,0
form submission successful,0
loading please wait,0
sample demo text,0
generic message,0
user profile page,0
help and support,0
settings and preferences,0
our mission statement,0
frequently asked questions,0
subscribe to our newsletter,0
download our mobile app,0
scroll down for more,0
back to home page,0
read more articles,0
language selection menu,0
cookie consent banner,0
promo discount offer,0
limited time sale message,0
sign up for updates,0
start your free trial,0
successfully updated profile,0
error loading content,0
generic system notification,0
shell company network,1
corporate tax evasion,1
investigative journalism,1
financial irregularities,1
renewable energy fraud,1
public procurement scam,1
money laundering scheme,1
whistleblower testimony,1
government audit report,1
offshore bank accounts,1
illegal campaign donations,1
missing audit trail,1
confidential witness statement,1
fraudulent procurement contract,1
cross border money trail,1
insider trading allegations,1
conflict of interest,1
unauthorized data leak,1
classified intelligence memo,1
political funding violation,1
cybersecurity breach details,1
contractor payment discrepancy,1
forensic accounting review,1
audit committee findings,1
regulatory compliance failure,1
misreported financial statements,1
internal audit red flags,1
unexplained wire transfers,1
anonymous tip off email,1
irregular procurement pattern,1
dummy vendor registration,1
unverified shell entity,1
front company arrangement,1
tax haven routing structure,1
illicit funds diversion,1
parliamentary ethics inquiry,1
high value cash transaction,1
undisclosed lobbying payment,1
corporate governance breach,1
thank you for reading,0
table of contents,0
contact information,0
follow us on social media,0
about our company,0
homepage banner text,0
general introduction,0
basic paragraph,0
random placeholder text,0
terms and conditions,0
privacy policy,0
all rights reserved,0
click here to continue,0
navigation menu,0
footer links,0
website disclaimer,0
form submission successful,0
loading please wait,0
sample demo text,0
generic message,0
user profile page,0
help and support,0
settings and preferences,0
our mission statement,0
frequently asked questions,0
subscribe to our newsletter,0
download our mobile app,0
scroll down for more,0
back to home page,0
read more articles,0
language selection menu,0
cookie consent banner,0
promo discount offer,0
limited time sale message,0
sign up for updates,0
start your free trial,0
successfully updated profile,0
error loading content,0
generic system notification,0
shell company network,1
corporate tax evasion,1
investigative journalism,1
financial irregularities,1
renewable energy fraud,1
public procurement scam,1
money laundering scheme,1
whistleblower testimony,1
government audit report,1
offshore bank accounts,1
illegal campaign donations,1
missing audit trail,1
confidential witness statement,1
fraudulent procurement contract,1
cross border money trail,1
insider trading allegations,1
conflict of interest,1
unauthorized data leak,1
classified intelligence memo,1
political funding violation,1
cybersecurity breach details,1
contractor payment discrepancy,1
forensic accounting review,1
audit committee findings,1
regulatory compliance failure,1
misreported financial statements,1
internal audit red flags,1
unexplained wire transfers,1
anonymous tip off email,1
irregular procurement pattern,1
dummy vendor registration,1
unverified shell entity,1
front company arrangement,1
tax haven routing structure,1
illicit funds diversion,1
parliamentary ethics inquiry,1
high value cash transaction,1
undisclosed lobbying payment,1
corporate governance breach,1
thank you for reading,0
table of contents,0
contact information,0
follow us on social media,0
about our company,0
homepage banner text,0
general introduction,0
basic paragraph,0
random placeholder text,0
terms and conditions,0
privacy policy,0
all rights reserved,0
click here to continue,0
navigation menu,0
footer links,0
website disclaimer,0
form submission successful,0
loading please wait,0
sample demo text,0
generic message,0
user profile page,0
help and support,0
settings and preferences,0
our mission statement,0
frequently asked questions,0
subscribe to our newsletter,0
download our mobile app,0
scroll down for more,0
back to home page,0
read more articles,0
language selection menu,0
cookie consent banner,0
promo discount offer,0
limited time sale message,0
sign up for updates,0
start your free trial,0
successfully updated profile,0
error loading content,0
generic system notification,0
shell company network,1
corporate tax evasion,1
investigative journalism,1
financial irregularities,1
renewable energy fraud,1
public procurement scam,1
money laundering scheme,1
whistleblower testimony,1
government audit report,1
offshore bank accounts,1
illegal campaign donations,1
missing audit trail,1
confidential witness statement,1
fraudulent procurement contract,1
cross border money trail,1
insider trading allegations,1
conflict of interest,1
unauthorized data leak,1
classified intelligence memo,1
political funding violation,1
cybersecurity breach details,1
contractor payment discrepancy,1
forensic accounting review,1
audit committee findings,1
regulatory compliance failure,1
misreported financial statements,1
internal audit red flags,1
unexplained wire transfers,1
anonymous tip off email,1
irregular procurement pattern,1
dummy vendor registration,1
unverified shell entity,1
front company arrangement,1
tax haven routing structure,1
illicit funds diversion,1
parliamentary ethics inquiry,1
high value cash transaction,1
undisclosed lobbying payment,1
corporate governance breach,1
thank you for reading,0
table of contents,0
contact information,0
follow us on social media,0
about our company,0
homepage banner text,0
general introduction,0
basic paragraph,0
random placeholder text,0
terms and conditions,0
privacy policy,0
all rights reserved,0
click here to continue,0
navigation menu,0
footer links,0
website disclaimer,0
form submission successful,0
loading please wait,0
sample demo text,0
generic message,0
user profile page,0
help and support,0
settings and preferences,0
our mission statement,0
frequently asked questions,0
subscribe to our newsletter,0
download our mobile app,0
scroll down for more,0
back to home page,0
read more articles,0
language selection menu,0
cookie consent banner,0
promo discount offer,0
limited time sale message,0
sign up for updates,0
start your free trial,0
successfully updated profile,0
error loading content,0
generic system notification,0
shell company network,1
corporate tax evasion,1
investigative journalism,1
financial irregularities,1
renewable energy fraud,1
public procurement scam,1
money laundering scheme,1
whistleblower testimony,1
government audit report,1
offshore bank accounts,1
illegal campaign donations,1
missing audit trail,1
confidential witness statement,1
fraudulent procurement contract,1
cross border money trail,1
insider trading allegations,1
conflict of interest,1
unauthorized data leak,1
classified intelligence memo,1
political funding violation,1
cybersecurity breach details,1
contractor payment discrepancy,1
forensic accounting review,1
audit committee findings,1
regulatory compliance failure,1
misreported financial statements,1
internal audit red flags,1
unexplained wire transfers,1
anonymous tip off email,1
irregular procurement pattern,1
dummy vendor registration,1
unverified shell entity,1
front company arrangement,1
tax haven routing structure,1
illicit funds diversion,1
parliamentary ethics inquiry,1
high value cash transaction,1
undisclosed lobbying payment,1
corporate governance breach,1
thank you for reading,0
table of contents,0
contact information,0
follow us on social media,0
about our company,0
homepage banner text,0
general introduction,0
basic paragraph,0
random placeholder text,0
terms and conditions,0
privacy policy,0
all rights reserved,0
click here to continue,0
navigation menu,0
footer links,0
website disclaimer,0
form submission successful,0
loading please wait,0
sample demo text,0
generic message,0
user profile page,0
help and support,0
settings and preferences,0
our mission statement,0
frequently asked questions,0
subscribe to our newsletter,0
download our mobile app,0
scroll down for more,0
back to home page,0
read more articles,0
language selection menu,0
cookie consent banner,0
promo discount offer,0
limited time sale message,0
sign up for updates,0
start your free trial,0
successfully updated profile,0
error loading content,0
generic system notification,0
shell company network,1
corporate tax evasion,1
investigative journalism,1
financial irregularities,1
renewable energy fraud,1
public procurement scam,1
money laundering scheme,1
whistleblower testimony,1
government audit report,1
offshore bank accounts,1
illegal campaign donations,1
missing audit trail,1
confidential witness statement,1
fraudulent procurement contract,1
cross border money trail,1
insider trading allegations,1
conflict of interest,1
unauthorized data leak,1
classified intelligence memo,1
political funding violation,1
cybersecurity breach details,1
contractor payment discrepancy,1
forensic accounting review,1
audit committee findings,1
regulatory compliance failure,1
misreported financial statements,1
internal audit red flags,1
unexplained wire transfers,1
anonymous tip off email,1
irregular procurement pattern,1
dummy vendor registration,1
unverified shell entity,1
front company arrangement,1
tax haven routing structure,1
illicit funds diversion,1
parliamentary ethics inquiry,1
high value cash transaction,1
undisclosed lobbying payment,1
corporate governance breach,1
thank you for reading,0
table of contents,0
contact information,0
follow us on social media,0
about our company,0
homepage banner text,0
general introduction,0
basic paragraph,0
random placeholder text,0
terms and conditions,0
privacy policy,0
all rights reserved,0
click here to continue,0
navigation menu,0
footer links,0
website disclaimer,0
form submission successful,0
loading please wait,0
sample demo text,0
generic message,0
user profile page,0
help and support,0
settings and preferences,0
our mission statement,0
frequently asked questions,0
subscribe to our newsletter,0
download our mobile app,0
scroll down for more,0
back to home page,0
read more articles,0
language selection menu,0
cookie consent banner,0
promo discount offer,0
limited time sale message,0
sign up for updates,0
start your free trial,0
successfully updated profile,0
error loading content,0
generic system notification,0
shell company network,1
corporate tax evasion,1
investigative journalism,1
financial irregularities,1
renewable energy fraud,1
public procurement scam,1
money laundering scheme,1
whistleblower testimony,1
government audit report,1
offshore bank accounts,1
illegal campaign donations,1
missing audit trail,1
confidential witness statement,1
fraudulent procurement contract,1
cross border money trail,1
insider trading allegations,1
conflict of interest,1
unauthorized data leak,1
classified intelligence memo,1
political funding violation,1
cybersecurity breach details,1
contractor payment discrepancy,1
forensic accounting review,1
audit committee findings,1
regulatory compliance failure,1
misreported financial statements,1
internal audit red flags,1
unexplained wire transfers,1
anonymous tip off email,1
irregular procurement pattern,1
dummy vendor registration,1
unverified shell entity,1
front company arrangement,1
tax haven routing structure,1
illicit funds diversion,1
parliamentary ethics inquiry,1
high value cash transaction,1
undisclosed lobbying payment,1
corporate governance breach,1
thank you for reading,0
table of contents,0
contact information,0
follow us on social media,0
about our company,0
homepage banner text,0
general introduction,0
basic paragraph,0
random placeholder text,0
terms and conditions,0
privacy policy,0
all rights reserved,0
click here to continue,0
navigation menu,0
footer links,0
website disclaimer,0
form submission successful,0
loading please wait,0
sample demo text,0
generic message,0
user profile page,0
help and support,0
settings and preferences,0
our mission statement,0
frequently asked questions,0
subscribe to our newsletter,0
download our mobile app,0
scroll down for more,0
back to home page,0
read more articles,0
language selection menu,0
cookie consent banner,0
promo discount offer,0
limited time sale message,0
sign up for updates,0
start your free trial,0
successfully updated profile,0
error loading content,0
generic system notification,0
